,0700 - 1500,0730 - 1530 (FT),0930 - 1730,1200 - 2000,1400 - 2200,1530 - 2330 (FT),1600 - 2400,1800 - 0200,2000 - 0400,2200 - 0400,2359 - 0700,On Call
0,Madison,Avery,Penelope,Abigail,Evelyn,Emma,Amelia,Eleanor,Scarlett,Mila,Olivia,Ava
1,Amelia,Camila,Aria,Nora,Abigail,Gianna,Victoria,Emily,Charlotte,Grace,Mila,Mia
2,Sophia,Layla,Madison,Nora,Chloe,Victoria,Isabella,Scarlett,Gianna,Evelyn,Emma,Ava
3,Elizabeth,Harper,Avery,Amelia,Sofia,Mia,Chloe,Scarlett,Aria,Abigail,Isabella,Penelope
4,Elizabeth,Olivia,Ella,Nora,Layla,Avery,Mia,Penelope,Abigail,Aria,Charlotte,Camila
5,Chloe,Eleanor,Emily,Olivia,Mila,Sofia,Luna,Nora,Gianna,Amelia,Grace,Sophia
6,Mia,Madison,Emily,Ava,Eleanor,Chloe,Avery,Ella,Aria,Sofia,Emma,Penelope
7,Camila,Elizabeth,Layla,Sophia,Mia,Evelyn,Victoria,Ella,Ava,Mila,Aria,Amelia
8,Abigail,Avery,Isabella,Sophia,Evelyn,Luna,Layla,Emily,Harper,Camila,Sofia,Olivia
9,Mia,Eleanor,Nora,Olivia,Penelope,Amelia,Elizabeth,Ella,Avery,Mila,Abigail,Chloe
10,Scarlett,Emma,Sophia,Gianna,Amelia,Chloe,Evelyn,Mia,Ella,Madison,Victoria,Camila
11,Isabella,Layla,Emma,Charlotte,Gianna,Penelope,Grace,Avery,Eleanor,Sophia,Victoria,Ava
12,Scarlett,Sofia,Luna,Isabella,Grace,Camila,Olivia,Avery,Emily,Nora,Chloe,Aria
13,Mila,Elizabeth,Penelope,Gianna,Ava,Layla,Camila,Sofia,Nora,Charlotte,Emily,Emma
14,Harper,Mia,Grace,Gianna,Scarlett,Madison,Isabella,Luna,Penelope,Charlotte,Amelia,Aria
15,Abigail,Evelyn,Mila,Ella,Harper,Madison,Camila,Elizabeth,Emma,Luna,Aria,Avery
16,Scarlett,Isabella,Olivia,Victoria,Eleanor,Grace,Ava,Emma,Mia,Sophia,Nora,Penelope
17,Camila,Harper,Evelyn,Ella,Emily,Abigail,Scarlett,Luna,Mia,Charlotte,Ava,Isabella
18,Grace,Gianna,Evelyn,Penelope,Chloe,Victoria,Layla,Mila,Camila,Eleanor,Olivia,Harper
19,Grace,Amelia,Ella,Aria,Abigail,Sofia,Avery,Sophia,Chloe,Madison,Eleanor,Isabella
20,Scarlett,Sofia,Victoria,Harper,Emma,Evelyn,Abigail,Nora,Sophia,Madison,Amelia,Layla
21,Ava,Victoria,Aria,Elizabeth,Charlotte,Grace,Penelope,Evelyn,Camila,Layla,Avery,Mila
22,Ava,Gianna,Sofia,Grace,Ella,Charlotte,Luna,Penelope,Harper,Emily,Sophia,Madison
23,Eleanor,Olivia,Chloe,Sofia,Scarlett,Elizabeth,Luna,Gianna,Victoria,Aria,Mila,Evelyn
24,Luna,Emma,Charlotte,Ella,Nora,Madison,Eleanor,Grace,Amelia,Harper,Layla,Abigail
25,Chloe,Olivia,Nora,Emma,Luna,Isabella,Sofia,Grace,Mia,Abigail,Scarlett,Victoria
26,Evelyn,Ella,Luna,Camila,Ava,Sophia,Madison,Eleanor,Olivia,Sofia,Scarlett,Elizabeth
27,Madison,Gianna,Ella,Mila,Avery,Charlotte,Sophia,Victoria,Olivia,Chloe,Nora,Luna
28,Charlotte,Mila,Ava,Emma,Harper,Aria,Sophia,Olivia,Gianna,Luna,Evelyn,Elizabeth
29,Isabella,Emma,Layla,Charlotte,Emily,Ella,Amelia,Ava,Camila,Sofia,Chloe,Mia
30,Grace,Aria,Eleanor,Layla,Scarlett,Madison,Elizabeth,Penelope,Amelia,Harper,Charlotte,Avery
